-18:46,しゅさいがわ！
-18:33,固定ｗ
-18:30,草
-18:17,そっちになるんかｗ
-17:54,固定がw
-17:47,固定ㅋㅋㅋㅋㅋㅋ
-17:07,やっつける方じゃないだと！？だが、それでいい！
-16:15,そっちか！
-14:14,なるほど
-11:49,{'text': "isn't this too op"}
-3:34,3 min delay/3분 지연 /3分遅延有
-0:21,こんばんは～
-0:04,本配信はじまった～！
0:11,本配信開始〜
0:28,こんボラ〜
0:30,こんボラ！
0:42,こんぼら！！
0:43,こんぼら
0:44,こんボラ～
0:45,helloo ! !
0:50,まるで初めましてみたいだ
0:50,初コラボ！
0:58,ㅋㅋㅋㅋㅋㅋㅋㅋㅋ
1:00,こんぼら〜
1:04,こんボラ～
1:06,それよねｗ
1:06,こんボラー
1:07,GOOD LUCK GUYS ! ! !
1:07,戦場でしか絡みないのよねw
1:08,初めましてなんだ〜w
1:12,そこ初めましてなんやぁ
1:29,ノアぼらてえてえ
1:33,かわいい
1:33,ＢＧＭちょっと変わった！？
1:34,初めましてだったから楽しみだね～
1:36,こんぼらー！！！
1:43,下の名前よび裏山
2:23,おめでとう！！
2:26,こんぼらー！
2:32,かわいい
2:33,渋ハル3周年おめでとう！
2:36,Vとしても古参だね
2:36,渋ハルの兄貴！
2:49,3周年めでたいね〜
2:50,こんボラ～
2:51,こんぼらーーー！！
2:56,ほえー
2:56,視聴者参加型なんだ
3:07,名前ヌンボラになってて草
3:07,へーそうなんだ
3:27,カスタム追加されたんだ
3:28,CSとのクロスでカスタム出来るかどうかだね
3:45,稼げなくなった
3:49,あい〜
3:51,あぃ～
4:02,今日は賞金防衛側
4:07,Hello Bora
4:08,ボラちゃん商品もらえないの?w
4:09,そっか開催者側になるのか
4:17,今回は賞金なしだねｗ
4:24,キャリーされてたww
4:29,今週はもらえないｗ
4:37,超豪華な一戦ｗ
4:42,そうだ賞金もらえんのかーｗ
4:53,渋ハルカスタムが視聴者参加型の事前応募ってはじめて知ったわww
4:56,hihi
4:58,今回は防衛側
5:01,桐ケ谷カミトだ
5:07,今日もしかしてゲスト多い！
5:09,カミトさんww名前w
5:14,がんばってねー
5:22,カミトさんｗ
5:25,ゲスト多いですねぇ
5:27,名前が大人しくなっておる
5:36,カミトさん草
5:41,初めてだねえ
5:46,のあボラてぇてぇ
5:54,ゲスト多いの楽しいな
5:56,こんボラ〜
6:03,半分以上ゲストなんだ
6:07,{'text': "tourney is all over the place I can't remember which team and squad is for what tourney"}
6:07,唯一残った七武海おるな
6:19,12までゲストかな？
6:23,マイクでマウントとるのかｗ
6:32,ㅋㅋㅋㅋㅋㅋㅋ
6:32,ディスコ相性がｗ
6:44,怒ってて草
6:44,草
6:45,チーム2きをつけなきゃ
6:46,비싼편
6:52,高級糸電話
6:56,３０万！？
7:00,ノイマンだ
7:00,たっかぁw
7:01,３０万！？
7:03,30万!?
7:03,わやw
7:07,30やば
7:09,いや…ｗ
7:09,ㅋㅋㅋㅋㅋㅋㅋㅋㅋㅋㅋㅋ
7:09,30万？？？
7:11,草
7:11,タカスギィ！！
7:11,めちゃ良い奴じゃん
7:13,渋ハルの声は30万かぁ
7:13,오
7:14,どっちの大丈夫ｗ
7:14,草
7:16,扱いよw
7:16,草
7:24,草
7:26,ＰＣ買えて草
7:28,30万の声
7:31,DM58 많이내렸네
7:34,🤣🤣🤣
7:35,女子・・・？
7:36,女子（）
7:36,女子？
7:36,what tourney/scrim is this?
7:40,草
7:44,oh they are not gonna play?
7:48,レイドくんはメス
7:50,マスター女子一人しかおらん
7:54,あきこちゃんは女子
7:57,こんぼら
8:00,アキ子とレイ子かな？
8:05,{'text': "shibuya's tourney i think?"}
8:12,あれおもろかったw
8:15,ㅋㅋㅋㅋㅋㅋㅋㅋ
8:15,レイドくん…
8:16,ハンマーチャレンジになった配信かｗｗ
8:22,草
8:34,レイドくんは男の娘()
8:34,shibuhal custom weekly tourney
8:35,shibuyahal custom yes
8:38,{'text': "shibuya hal's custom gameit's a weekly casual event"}
8:41,渋ハルキッズｗ
8:47,ㅋㅋㅋㅋㅋㅋ
8:48,クソガキで草
8:52,ボラちゃんが言う？
8:59,草
9:06,wow weekly tourney...
9:08,こんぼらー
9:24,hello!
9:30,ふぇえー
9:36,ボラちゃーん
10:21,ganbatte
10:30,Vも広がってるなぁ
10:35,いい事だ
10:35,柴犬はかわいいねぇ
10:37,山下ァは偉大
10:38,だいぶ交流広がってきたよね
10:48,いろんな人とVの人が絡んでるの見てて楽しい
10:55,それは渋はるが広めたんだと思うよこのりがいたからね
11:00,とがりまくってんなぁｗ
11:01,!!
11:02,尖ってんなぁww
11:02,Vと料理人のコラボに進んだしな…
11:03,愛が強いな～ｗ
11:03,ヤバいｗ
11:04,色んな意味でやばい
11:04,キャラ専の集まりかｗ
11:05,こんにちは
11:06,ヤバすぎる構成
11:07,キャラだけみたらなかなかの糞構成ｗ
11:08,おお〜
11:10,構成すげぇ
11:10,ミラ、ロバ、ランパか
11:13,武器構成も尖ってるからなぁ
11:15,女性Vと男性配信者が絡むと炎上するのが減ったからかな？
11:15,尖ってる編成w
11:15,推しレジェパーティ
11:17,とがり過ぎて人を刺せそう
11:18,最強構成きたわね
11:19,キャラ愛凄そう
11:20,w
11:25,武器専の人
11:27,Lスター専のイメージしかないw
11:28,Lスターのためのランパ
11:38,L star 😭
11:39,ｳﾝｳﾝ
11:39,世界ランカーのローバやからｗ
11:43,ああハマポ信者…
11:44,Ｌスターに期待されすぎて正直しんどそう
11:53,草
11:53,にじさんじじゃねぇか！
11:56,出たこの形w
11:57,えるえるいないんよｗ
12:03,하루군이 제일 고통받는ㅋㅋㅋㅋ
12:05,草
12:05,こんボラ〜！！
12:06,🤣🤣🤣
12:08,会話形式ｗ
12:08,間接的に被害受けるｗ
12:16,合法的に読み上げさせれるからかww
12:19,渋ハルがダメージ受けてく
12:43,ホッコリ・ニッコリ
12:43,こんにちボラボラ
12:44,V協のときに代理でカスタム出たくらいだね
12:45,これにはヌンボラもニッコリ
12:47,ふふんｗ
12:49,😊
12:51,( ◜ᴗ◝)و
12:53,これにはヌン・ボラにっこにこ
12:57,にっこり
12:59,レギュラーとしてはありがたいねｗ
13:05,今回ちーちゃんもいるしね
13:07,분위기...? ㅋㅋㅋㅋ
13:10,あぁかみとさんか
13:14,べに様もカスタムに
13:23,無事ｗ
13:26,ブイスポの陽の者
13:31,めっちゃうまいよな
13:31,ヴァロラント上手だよね
13:34,笑笑(*^^*)
13:41,期待の新人
13:49,イキんなｗ
14:06,猛者は忙しい法則
14:10,テンプレックスさんか
14:13,テンちゃん残念だね
14:19,いずれにしても強いんだよなぁ
14:26,かわいいｗ
14:33,くーちゃんもマスターなんよ
14:36,Tempplexは見たかったｗ
14:37,あれるさんww
14:43,おにいちゃんが絶頂しすぎた
14:47,くぅちゃんも普通につよいんよ
14:53,言いにくいｗ
14:53,噛みそうw
14:54,ややこしいなw
14:56,うるれるは強いんよ
14:56,なにがなにやらｗ
14:57,うるうるれる
14:59,ㅋㅋㅋㅋㅋㅋㅋ
15:00,wow that team looks strong
15:00,ここ強いな～
15:04,げきあつ
15:07,さすがに強すぎるｗ
15:11,草
15:14,ブロンズPAD部w
15:17,ブロンズPAD部ｗ
15:19,さすがにねｗ
15:19,ブロンズpad部！？
15:20,煽るｗ
15:21,まさかねぇ(棒)
15:22,強いなぁ
15:24,さすがにね？
15:37,草
15:37,ヴァロが侵食しとるｗ
15:38,ブロンズパッド部ほんまおもろい
15:38,ヴァロｗ
15:39,CRカップのメンツかな
15:39,ヴァロヴァロしてきたわね
15:40,語尾ｗ
15:45,どっちなのよw
15:46,CRメンバーか
15:48,あれ？侵されてないヴァロか？
15:49,ヴァロｗｗ
15:53,ヴァロラントに浸食されとるｗ
15:54,CRカップ感あるｗ
15:55,Crカップのチームだね
15:58,異色だ
15:59,CRメンバーだ
16:06,ウォッカさんのヴァルキリーやべぇよww
16:08,CRカップの練習しに来てる笑笑
16:13,わや
16:15,さすがCR
16:20,世界四位はだてじゃない
16:26,마법소녀 츠바키...
16:29,遂にちーさんがカスタムに
16:29,魔法少女3人…？？
16:32,魔法少女一人しかおらんがｗ
16:34,少女...？
16:44,そらるさんがそれ言うの想像したら笑える
16:44,少女ですらない
16:46,ゲスト多いなぁ
16:50,아 아직없구나
16:59,今見たらウォッカさん6000出してたわ
17:00,少女・・・？
17:02,直球ｗ
17:02,ㅋㅋㅋㅋㅋㅋㅋㅋ
17:11,ㅋㅋㅋㅋ
17:13,名前ｗ
17:14,レイスの天罰が下るチームだなww
17:16,ㅋㅋㅋㅋㅋㅋㅋㅋㅋ
17:16,恨み買ってんなぁｗ
17:16,草
17:20,ハゲレイス
17:26,よりによってちーさんの後になんてチーム名だw
17:29,ㅋㅋㅋㅋㅋㅋㅋ
17:29,修羅場の数が違うか…
17:30,草
17:35,さすレイド
17:35,草
17:36,草
17:37,やめてｗ
17:39,草
17:40,レイド君のボイスｗｗ
17:41,レイドくんなのかよｗ
17:44,草
17:45,レイド君ｗ
17:48,キツｗ
17:48,아니 ㅋㅋㅋㅋㅋㅋㅋ
17:50,センス完璧かよww
17:54,読むのもきつそうｗ
18:03,ㅋㅋㅋㅋㅋㅋㅋㅋ
18:04,OMG
18:05,OMGｗｗ
18:06,草
18:06,OMG
18:06,OMG
18:06,OMG
18:06,監禁ボイスオススメだよ（メンバー限定）
18:06,聞けるんかいｗ
18:07,omg
18:07,omg
18:08,OMG
18:08,キモオタボイスからイケボまで幅広い
18:10,omg
18:10,OMG
18:12,OMG…
18:13,OMG
18:16,レイドくんのボイスはまじらしい
18:16,オーマイガーw
18:19,おーまいがー
18:22,監禁ボイスおすすめよ
18:23,買えたら買うわ
18:23,omg lol
18:23,メンバー入っちゃう？ｗｗ
18:26,オーマイガー
18:27,ㅋㅋㅋㅋㅋㅋ
18:27,草
18:29,omg
18:33,OMG
18:33,トワ様に影響されてて草
18:35,それは確かに危ないｗ
18:36,やめとけやめとけw
18:45,ふっか
18:50,かっけぇ...
18:52,とあるかた曰く震えたらしい
18:52,長いｗ
18:55,ふっか
18:56,かっけぇ
18:58,さすまな
19:03,全部引用で草だ
19:06,아역 배우?
19:10,かっけえ
19:10,앗
19:11,高2
19:12,もう高校生！？
19:21,愛菜ちゃん頭いいからな～
19:21, 16か17歳くらいだったかな
19:22,まるまるもりもり
19:22,そんな年なんだ
19:24,高校生だね
19:24,もう高校生だもんね愛菜ちゃん
19:25,深いこと言ってるんだなぁ
19:27,아역으로 유명한 아시다 마나
19:29,もう大人の女性
19:29,まるもりのイメージしかない
19:30,１０歳でそれは悟りすぎなんよｗ
19:31,もう高なの！？
19:32,벌써 고딩이라니.
19:36,아재 운다
19:36,高校生なんか!?!?
19:40,わりと最近だったよね
19:42,!
19:42,あっ...
19:43,！？
19:43,え！？
19:44,まるまるもりもりが懐かしい
19:45,벌써 고딩이야!!
19:48,触れにくいｗ
19:48,何が…あった？？
19:50,え？！
19:52,え・・・
19:52,草
19:53,!?
19:53,ツッコめんわww
19:53,重くて草
19:55,はっ！？
19:55,あっ‥
19:56,どまです
19:56,どまですｗ
20:00,あ（察し
20:09,草
20:17,液タブｗ
20:20,やれとｗ
20:26,あど〇んですぅー
20:30,液タブかぁ。PSPでやってる人もおるしなぁ
20:40,ランク高いねここ
20:40,ボラちゃんディスコの声変になってる
20:41,おじいちゃんみたいな事いっとる
20:43,何千円とかでも買えるのあるよね
20:44,^^
20:47,＾＾
20:50,＾＾
20:51,＾＾
20:52,^^
20:55,^^
20:56,北条政子ゴミカス扱いで草
20:57,煽りかな？
20:59,＾＾
20:59,＾＾
21:03,＾＾
21:06,＾＾
21:10,＾＾；
21:23,^^
21:29,こんぼらー
21:31,^^
21:37,インテリなハルｗ
21:37,センス○
21:38,インテリなハルww
21:39,インテリなハルｗ
21:47,보라님 하이용!!!
21:50,実際インペリアルハルは医大に進学してる
21:50,「ぽん」
21:55,しもべにおるな
22:01,해설듣기 ㅋㅋㅋ
22:01,963famおるやんｗ
22:03,えw
22:06,あんまり絡みがないのかｗ
22:08,のあちゃんｗ
22:08,笑笑(*^^*)
22:09,에에?
22:10,絡んでないもんなぁww
22:10,草
22:11,薄いｗ
22:11,草
22:13,あら？
22:14,あっ
22:15,絡みないな？w
22:16,あっさw
22:18,草
22:18,草
22:18,ㅋㅋㅋㅋㅋㅋ
22:20,あれ先輩？
22:21,あのねぇ、、、は草
22:21,のあちゃん！？
22:25,草
22:25,まさかぁ？
22:27,草
22:29,同じ箱なのにそんなわけw
22:31,おやぁ？
22:32,🤣🤣🤣👍
22:38,よろしく
22:38,ぶいすぽの闇だ
22:39,あれ…ぶいすぽ…？
22:39,入ったばっかりだしね
22:44,ゲームもうまくて可愛いしセクシーか
22:57,しもべになのに名前が963famとポタクなの笑う
23:03,시부하루 레이스 하겠지?
23:03,ばいばい
23:10,ヴァルキリー？
23:21,シブハルのジブみたい感ある
23:24,ヨワイゾン…
23:28,やっぱりヒューズしか勝たん
23:32,ファイティン！
23:36,飛べるブラハだもんなぁ
23:43,ホライゾン弱くなりすぎなんよ‥。
23:46,ファイト―！
23:48,がんばれー！
23:53,レヴオク！？
23:54,レヴオクだー！！
23:54,급전환하네 ㅋㅋㅋ
24:02,お、破壊？
24:02,がんはれ！！！
24:03,破壊しそうな構成
24:04,一時期よくみた構成だなｗ
24:07,レブオクだぁ！
24:07,破壊構成の親戚やん
24:09,攻め攻めだーー！！
24:11,レヴオクだ
24:13,なにさっぷえいむかな
24:13,fight!
24:13,ㅇ?
24:13,めちゃくちゃイケイケ編成
24:14,あれｗ
24:15,あれ？
24:15,あれｗ
24:15,レヴオクブラハ！！
24:15,?!!
24:17,あれ？ｗ
24:19,あきとさん！？w
24:19,破壊していく！
24:22,あれｗ
24:22,チャンピオン草
24:22,あきとさんボッチで草
24:23,レヴオク海賊王
24:23,草
24:25,強そう
24:25,ぼっちやん
24:25,1人ｗ
24:26,lol
24:28,GLHF
24:30,あれｗ
24:31,ボブ何とかエイムさんがね？？
24:34,あきとさん一人にｗ
24:34,綺麗
24:34,ソロ！？
24:34,軌道エグいねぇ
24:35,がんば！！
24:39,軌道がきれいだ
24:39,最近ボウですーぐかえされるだよなぁ…
24:45,色鮮やかできれい
24:46,マスター軌道お披露目だ
24:47,軌道きちゃー！！
24:47,軌道明るくなった？
24:52,マスター起動だあ
24:52,ダイヤ軌道きれいよね
24:53,落ちてないっぽいね
24:54,がんばれ～！
24:55,マスター軌道！！！
24:57,マスター軌道かっこいい！
24:57,중앙에 프데 양옆에 마스터...
24:59,보라색 좋네
25:00,マスター軌道いいねえ！
25:02,マスター軌道だ！
25:02,보라 !! 보라색 ! !
25:04,いつもの鉄骨
25:08,マスター軌道きちゃ
25:16,逆張りボラちゃん
25:17,普通にすーちゃんとか入ってるし、落ちてないね
25:17,マスター軌道！！！！！！！！！！！！
25:21,逆張りプリンセスおるな
25:22,逆張りボラ
25:26,マスターボラ！
25:41,ボラちゃんのお家、ウエスト
25:43,マスター軌道というよりボラカラーなのが好き
25:57,仕様上撃ち始めがね
26:06,ㅋㅋㅋㅋ
26:07,あらま
26:10,どまです
26:19,ワールズエッジバック少ない気がする
26:20,やっぱカバン全然落ちてないよね
26:30,ディスコとの相性もあるしなぁ
26:31,単純に相性が悪いのか
26:31,ＰＣ結構新しいのにね
26:42,相談したいね
26:44,相性がなあ
26:49,なんなんだろうな？
26:55,ぴえん
27:02,アップデートでバグってる可能性もね、4月にアプデあったし
27:09,弓も結局ウィングマンな気がする
27:24,弓持ってるとついつい近距離でもそのまま戦っちゃうｗ
27:34,弓同士の沼インファイ好きw
27:41,カバンマジで無いな
27:49,ボラちゃんowの民だし弓得意かと思た
28:02,いきなりゲスト同士か？
28:06,팀 뿌루뿌루
28:06,嘘ォ
28:33,今日もボラは可憐。
28:44,別ゲーｗ
28:49,한조 ㅋㅋ
28:50,ハンゾー
28:50,静かな戦闘になるよねｗ
28:52,🤣🤣🤣
28:53,狩猟解禁
28:53,ほんまそれww
28:53,ヴァロってんねぇ
28:56,音が欲しい\u3000
28:57,マイクラかな
28:57,銃じゃなくて弓の時代か
29:00,大戦国時代
29:01,弓強いもんねぇ
29:02,何気に渋ハルと組むのって珍しいな
29:03,笑笑(*´罒`*)
29:04,弓いきなり削られるからえぐかった
29:06,島田ハンゾーしかいない
29:10,ブラハで弓使ったらほぼハンゾー
29:18,弓一発70入るしな
29:23,はーい
29:30,ゴリラさんのヴァルキリーで爆笑した
29:30,レガシーってそういう意味だったのか...
29:31,やぶさめペックス
29:36,音も小さいし
29:39,減らねえｗ
29:40,ボラ殿は俺と戦っているから、きっと使いこなせるはずだ
29:58,弦ちゃん！？
30:04,弦ちゃんｗ
30:07,弦ちゃんおるなｗ
30:10,弦ちゃん草
30:11,弦一郎殿ｗ
30:15,最終安置まで減らない時もあるからなぁw
30:18,際から逃げる為のヴァルキリー
30:19,弦ちゃん 笑笑(*´罒`*)
30:28,アンチ外ムーブとゲスト同士のよくぶつかる事が多いイメージ
30:34,スクリムムーブなんよ
30:38,SEKIROは経験になる
31:18,蜘蛛の足…？
31:40,逆張りすぎｗ
31:40,힙스터 ㅋㅋㅋ
31:42,武器に関しては逆張りだねｗ
31:43,逆張りボラちゃん
31:46,sellyさんランクでちょっと使ってたね
31:47,逆張りボラちゃん
31:49,終始かわいい
31:49,そんな日本語も知ってるんか
31:50,逆張りKINGかｗ
31:50,オタクだったかｗ
31:51,ㅋㅋㅋㅋㅋㅋㅋㅋ
31:53,にじさんじは逆張り多すぎw
31:54,Lスター「……」
31:57,Sellyさんが弓使いそう
31:58,でも弓強すぎてすぐナーフされそう
32:21,お、銃声がちかい
32:23,ん？
32:23,난데모?
32:25,後半弓だらけになること多いし割とすぐナーフ来るかもね
32:26,ん？
32:26,ん？
32:27,ん？
32:30,ん？
32:31,ん？なんでもって…？
32:31,ん？
32:31,ん？
32:32,まずいですよ！！！
32:33,やめなー？
32:34,ん？今、なんでもって
32:34,ん？
32:34,?!
32:35,ん？
32:36,ん？
32:37,ん？
32:37,ん？
32:37,ん？
32:37,なんでそんなネタ知ってるんだｗ
32:41,やめなさいw
32:42,やめな？？
32:42,なんでもに反応するなｗ
32:53,やめとけー！！
32:59,かわいいｗ
33:00,かわいいｗ
33:00,커엽 ㅋㅋㅋㅋ
33:02,かわいい
33:03,かわいい
33:03,かわいい
33:03,これほんまかわいいｗ
33:04,かわいい
33:05,🤣🤣🤣👍
33:05,かわいい
33:05,そのエモート好き
33:06,かわいいエモート
33:07,かわいい
33:07,かわいい
33:08,かわいいｗ
33:08,いいなそれｗ
33:09,かわいいー
33:09,かわいい
33:11,かわいい！
33:13,カラスどっから飛んできたｗ
33:14,かわいい
33:16,渋ハル閉め出していちゃついてた
33:20,かわいい
33:20,草
33:21,これいいよねｗ
33:25,買おうか迷ってるそれ笑笑
33:25,かわいい
33:29,あざといなブラハ
33:31,かっけえ
33:31,…そっちじゃない…って言ってそうｗ
33:34,かわいいw
33:37,笑笑(*´罒`*)
33:39,弓刺さっとるｗ
33:42,顔ぐちゃぐちゃｗ
33:42,草
33:43,草
33:43,ㅋㅋㅋㅋㅋㅋㅋ
33:43,草
33:43,草
33:45,草
33:46,のあちゃんがハリネズミにｗ
33:49,草
33:50,ㅋㅋㅋㅋ
33:51,弓刺さってるｗ
33:51,やらかしｗ
33:51,めっちゃ刺さってるｗ
33:53,もったいないw
33:53,トロールおるw
33:55,刺さったやつは回収できないからねw
33:56,光るのか
33:57,なんしてんw
33:57,あーあw
33:58,味方のは回収できないんよねｗ
34:01,矢鴨？
34:04,マイクラかな？
34:05,화살이 ㅋㅋㅋㅋㅋㅋㅋ
34:11,矢の無駄にｗ
34:18,死なないと回収出来へんw
34:18,デスボになれば回収できるんかな？
34:21,刺さったやつはデスボになったら中に入ってるから・・
34:24,膝に矢撃と
34:27,TOURNament ? 
34:30,いや減らなすぎでしょ、大会だなぁ
34:40,こんばんは、初見です。
34:42,今日は特に減らないな
34:52,平和や
34:56,줄어들지를 않는다 ㄷㄷ
35:01,カジュアルのカスタムとは思えない減り
35:01,Shibuyahal Custom
35:04,ナイス！
35:05,そろそろ減り始めるかな？
35:21,ｇｇ
35:22,streamer custom
35:23,GG
35:29,あああああ
35:29,えっぐぅ
35:29,gg
35:30,폭격이!!!
35:30,あああw
35:30,으아아아아
35:32,GG
35:33,gg
35:34,NF
35:34,ウルト刺さっちゃったかぁ
35:36,空爆がぁぁ
35:36,ウルト決まっっちまったな～
35:38,ナイファイ
35:38,最初に落ちてて草
35:39,ウルトささっちゃった
35:42,lmaooo
35:43,おしかった
35:47,ウルト完璧に刺さったな
35:47,一瞬目を離したら全滅してたｗ何が起きた？
35:48,20位になってしまった
35:50,空爆強かったなあ
35:51,主催者PTまさかの最下位開始
35:51,설마 광탈할줄은 ㅋㅋ
35:55,どまどま
35:57,gg nf
36:01,글고보니 울트를 안썻네 ㅋㅋㅋ
36:02,どんまいGG
36:06,🤣🤣🤣👍
36:07,なにその雑魚死、
36:08,最下位ｗ
36:08,ㅋㅋㅋㅋㅋ
36:10,どま
36:15,主催者20位スタート
36:16,3000円献上するのってこんな気持ちなのかww
36:21,のあちゃんの20位記録が続く
36:22,これがAPEX
36:23,あちゃー
36:37,웃는게 넘 귀여워 ㅋㅋㅋ
36:57,しかも主催だからカジュアルも行けんｗ
36:58,確かに
37:06,確かに
37:08,たしかに〜
37:08,20位でも世界一かわいいなあ
37:12,1戦目は遊びよね？
37:22,主催者の余裕
37:25,逆に3試合しかないのに…
37:28,今回はカジュ行けない
37:39,ボラのあハルは一戦目遊ぶからな…
37:41,このエリアでこの部隊w
38:09,そうなんだ
38:14,しゃがみジャンパがナーフされた
38:15,それは知らんかった
38:22,主催者が負けたのは良いけどそのあと動きのないハイド画面なのが草
38:22,それはきつい
38:23,ジャンパも地味に弱体化してるのか
38:40,消費量がね
38:42,20減るね
38:43,興奮剤のほう
38:48,25じゃなくて20じゃなかったかな
38:50,おっと
38:50,あ
38:52,草
39:01,みらぼんさん？
39:10,モンハンじゃんw
39:10,これ見つかった瞬間溶ける奴やｗ
39:15,まじか
39:15,ばれないってマジ？ｗ
39:16,モンハンでもこんなに弓多くないｗ
39:17,バレないｗ
39:18,えぇw
39:18,モンハンｗ
39:24,なんならモンハンより弓見るｗ
39:26,えぇ
39:27,武器色目立つのに
39:34,武器派手すぎるw
39:34,花咲いてて草
39:47,おお
39:50,やるねぇ
39:52,おぉすごい
39:52,오오
39:53,ちーちゃんすごい！
39:53,キルリーダーだ
39:54,魔法少女スゲー
39:55,ちーちゃんつよっ！
39:56,ちーちゃんやってんねぇ！
40:01,ちーちゃんすげー！
40:13,やってんねー！
40:22,神ハイドやん
40:31,よぉ！がんこ！
40:31,ようがんこw
40:31,よう、頑固
40:35,そんなとこいけるのか
40:35,いいハイドポジ
40:40,ハイドの天才おるやん
40:41,プロのハイドやん
40:43,これはまたいい場所ｗ
40:43,よう頑固w
40:46,ヨウ・ガンコ
40:49,ルールがね
40:56,ハイド上手すぎ！！
41:03,あっ
41:03,あ
41:03,このハイドはプロってる
41:04,あっ・・・
41:05,あ
41:05,それは無理
41:06,あっ
41:13,うまい
41:16,スキャンには関係なかった
41:21,狩り始まったな
41:23,まだ１３か
41:37,★蒸発★
41:39,美味しそう
41:45,いいハイドだった〜
41:51,しろまんた先生
41:51,うおつかさんｗ
41:56,しーあーる・うおつか
41:58,うおつかさんｗ
42:00,お
42:03,メンバーへようこそ！
42:05,CR
42:07,crカップ
42:09,CRカップじゃない？
42:09,seaR魚塚
42:12,CRカップメンツ
42:12,CRカップヴァロよ
42:13,しーあーるw
42:13,うおつかさん達はCRカップだよ
42:15,crだよ
42:16,CRこのメンツだよね
42:16,CR\u3000そのメンツじゃなかったっけ
42:23,CR cup??
42:23,何のゲームヴァロ
42:27,CRカップだね
42:27,わからんヴァロw
42:29,まんまCRカップヴァロねぇ
42:32,出るヴァロ？
42:32,今回のcrカップ
42:32,ヴァロか〜
42:35,えぐ
42:36,CRカップだね
42:37,まんた先生valoやる時間あるんか
42:39,弓うまい
42:40,まんた先生うま！
42:42,えっぐぅ
42:48,CRカップメンバーですね
42:51,うんま
42:57,弓で敵いたぶるの楽しいんよなぁ
42:58,出るヴァロ 悪くない
42:59,まんた先生エイムめっちゃいいよな
42:59,まんた先生漫画は大丈夫なんか
43:01,まんた先生うまい
43:01,CRカップ
43:01,弓マジで簡単なのに強スンギだからな
43:02,弓ほんとぶっ壊れだわｗ
43:09,しろまんた先生の締め切り激ローだったりしない？
43:47,さすがにカスタム中に担当なら電凸はこないでしょ‥
44:02,ナイス蘇生
44:04,ナイス蘇生
44:05,にゃらか上手い
44:14,担当がロビーに待機してるかもしれない…
44:19,密度が高すぎる
44:23,そういや、奈羅花様は苦手言うてたジブなのか
44:23,にゃらかがジブ使ってる！？
44:26,やっぱエイムゴリラじゃねえか！！
44:39,おお！間に合った
44:40,ナイス蘇生
44:47,おお
44:49,これは立て直せるな
44:52,にゃらジブはめずらしい
44:59,ペンギン狩りだ
45:02,よく立て直したなあ
45:17,エイムエグい
45:31,当て感やばいんよ、ウォッカさん
45:34,ウォッカさんとにゃらかのフォーカスとか無理ゲーすぎるw
45:34,つっよ
45:38,カービンえぐすんぎ
45:39,うおつかさん7キルえぐ
45:42,7キルってつよ
45:51,うぉっかさんつええ
46:03,綺麗なAIMをしてる
46:04,ボラちゃんのレイスみたいな
46:11,와 한국인이 한명도 없구나
46:13,3人とも強すぎる
46:14,まんた先生すげー！
46:19,まんた先生も上手だな～
46:24,なお締め切りの捌きは…
46:34,あっ
46:36,あれるさんか
46:40,うおつかさーん
46:46,にゃらかー！！
46:55,포탈 ㅋㅋ
46:57,にゃらなーー、
46:58,おお
46:59,上かｗ
47:01,으아!!
47:01,おしいいい
47:01,おしいいいいい
47:01,浮いてるw
47:02,おしいいいいい
47:02,おしいーーー！！
47:03,おっしいいい
47:03,惜しい
47:03,까비 ㅋㅋㅋㅋㅋㅋㅋ
47:03,うわああああああ
47:03,아까비
47:05,いまきたこんボラ～
47:06,おしい！
47:06,Death from Above lmao
47:07,おしいいいい
47:08,上からだ！！
47:08,うま
47:09,上におったんか！
47:10,にゃらー！
47:10,おしい
47:11,발키리!!!
47:14,にゃらか！
47:18,GG
47:18,おしい
47:19,このヴァルキリー一体どこにいたんだ！？
47:23,空から！？？！？！
47:23,NF GG!!
47:24,うまーー
47:26,GG
47:27,ナイスファイトGG！
47:27,GG
47:27,おおおおお
47:28,ヴァルキリーは？
47:33,オクタンｗ
47:33,歓喜の舞ｗ
47:33,gg
47:35,てかどっから来たw
47:36,エモートいいね
47:41,アーマー割れてなかったらあったなー
47:46,ナイファイGG
47:50,gg
47:52,はぇー
48:10,ㅋㅋㅋㅋㅋㅋㅋㅋㅋ
48:12,角笛w
48:12,ㅋㅋㅋㅋㅋㅋㅋ
48:15,火葬で草
48:15,🤣🤣🤣👍
48:19,めっちゃいいこれww
48:22,これは煽りｗ
48:24,草
48:24,燃やすからｗ
48:25,gg
48:26,草
48:28,相手からは見えないのよね
48:28,노아쟝 바로 구입 ㅋㅋㅋ
48:28,草
48:30,🔥🔥🔥
48:35,C用かな？ｗ
48:38,これラスさんめっちゃ気に入ってランクでやりまくってて可愛かった笑笑
48:42,ダウンした相手にゴルフｗ
48:51,しっかり見てるねーｗ
48:51,これめっちゃ笑えるww
48:51,발상이 ㅋㅋㅋㅋㅋ
48:53,草
48:53,ジブのゴールドエモート見て
48:54,レヴのエフェクト出るのてぇてぇ
48:56,草
48:58,みんゴルやんｗ
48:59,ㅋㅋㅋㅋㅋㅋㅋㅋ
49:00,レヴの頭？
49:01,レヴナントしばいてやりたい
49:11,【渋ハルカスタム】next:2戦目WE1戦目20位1キル
49:22,EAの案件みたいになってて草
49:38,ボセックかっけぇ
49:46,バンガのエモートが煽り性能高すぎてめっちゃ良いですよ笑
50:03,ボラちゃん漢字も読めるのマジやばい
50:05,ミラージュだけ開けたな…好きすぎて
50:11,レイスのレジェンダリめっちゃ好き
50:15,ジブエモートのハカが好き
50:18,ハルくんはチーム紹介してもろて笑
50:20,なんとか工面しようとするの草
51:04,あら
51:06,ハンターのよびごえでは？
51:34,またサーバが
51:37,鯖落ち？
51:37,あれ
51:48,呼ぶ\u3000叫ぶ\u3000似とる似とる
51:54,配信してます見に来てね！
52:03,おや
52:05,!!
52:05,あらま
52:10,あら
52:12,あら
52:12,あれ？？
52:17,おや？
52:22,また不調だ
52:23,あいや
52:23,カスタム鯖に入れないのかな
52:25,あらら
52:26,あら
52:32,？？
52:38,APEXくん…
52:49,再起
52:50,あちゃ～
52:50,なにこのチーム強すぎ
52:56,カスタム鯖あるある
52:57,鯖落ちしてね？
53:01,エペ君頑張れ
53:10,タイトルから進めないの多いけど、何回もやり直せば入れる感じだよね
53:20,苦手なジブ頑張ってるな
53:24,鯖落ちやね
53:39,ならかさんなんでも上手いのすごい
53:53,良かった良かった
53:55,お、入れた
53:56,お、良かった入れた
54:03,お
54:10,apex君カスタム中は頑張ってくれ～
54:14,おお
54:18,入れたよかったよかった
54:20,珍しく善良すぎるゲストチームww
54:34,配信者の曜日感覚を取り戻すのに大事
54:41,なんなら渋ハルカスタムで曜日確認してたね
55:13,のあちゃんがいない
55:15,海軍カレーかな？
55:30,電話番号？
55:30,電話番号じゃない？w
55:35,こわｗ
55:36,草
55:36,電話番号かね
55:36,あぶねえｗ
55:38,かけてみる？ww
55:38,🤣🤣🤣
55:39,こっわw
55:43,こわいて
55:54,草
55:55,草
55:56,草
55:57,EAかｗ
55:58,EAじゃねーかｗ
55:59,草
55:59,皮肉w
56:00,草
56:00,ㅋㅋㅋㅋㅋ
56:00,草
56:00,EA 소비자 센터 ㅋㅋㅋㅋ
56:01,EAの回し者じゃん
56:01,草
56:06,EAカスタマーセンターって080番なんだ
56:07,EAかいw
56:10,EAじゃねーかww
56:14,皮肉だろそれw
56:15,草
56:17,このセンス嫌いじゃないｗ
56:22,080
56:42,キタサンならまつり歌えや！
56:47,ディープインパクトはガチ
56:48,ㅋㅋㅋㅋㅋㅋㅋㅋ
56:51,564ジュエルももらえるね
56:51,かしこいｗ
56:54,ㅋㅋㅋㅋㅋㅋㅋㅋ
56:58,草
56:58,草
57:01,ㅋㅋㅋㅋㅋㅋ
57:01,草
57:07,ガチャで煽りたいだけｗ
57:09,無料10連おじさんムーブ
57:11,マウント用で草
57:11,草
57:11,マウントとりｗ
57:12,ログイン勢
57:14,刺さるからやめてくれw
57:15,くさ
57:17,ダメな楽しみ方だ
57:18,草
57:21,やってんねぇ！
57:28,あえ？のあちゃんとぼらちゃん？俺の好きなVが渋ハルと？恨むわww
57:28,悪魔め！
57:40,うまぴょい
58:10,草
58:14,なんか始まったw
58:17,ネタが混ざりすぎw
58:18,ネタバレ次回予告ｗ
58:20,草
58:22,負けるの確定してんじゃねーかｗ
58:26,初動死かよｗ
58:30,草
58:31,色々混ぜすぎ
58:36,草
58:41,やっぱ勝てなかったかぁ
58:41,にじさんじ馬身？
58:43,2434ファンかな？
58:49,にじさんじじゃねーか！
58:49,ひげひろな感じいいな
58:52,そんだけあればスタートの時点でゴールしてるんよ
59:07,かわいいな
59:07,ファイティーン
59:12,Oipessoal! 🇧🇷💙
59:14,ふぁいてぃん！
59:20,口説かれた？
59:31,ふぁいてぃん！
59:31,カッパケッソ～
59:37,す、、す、、好き？！
59:41,ファイティン！！
59:45,良く分かる
59:50,それは羨ましい
59:50,それは大きい
59:55,たしかに羨ましい
59:56,ファイト〜
1:00:01,2戦目ファイティン！
1:00:03,いいなあ
1:00:04,でかいね〜
1:00:05,ボラちゃんほんとに凄い
1:00:08,ㅋㅋㅋ
1:00:10,ファイティン！
1:00:14,GLHF
1:00:15,ずるいて韓国の人やろボラさんは
1:00:16,ファイティン！
1:00:17,羨ましい~
1:00:19,Rasさんとか日本語しゃべれるのでとても助かる
1:00:19,それはがちですごい
1:00:19,( •̀ᄇ• ́)ﻭ✧ﾌｧｲﾃｨﾝ!!
1:00:20,オーダー直でわかるのは大きい
1:00:22,ㅋㅋㅋㅋㅋㅋㅋㅋㅋ
1:00:26,最上位のやり取り生で分かるのいいねぇ
1:00:27,🤣🤣🤣👍
1:00:29,GLHF
1:00:40,ファイティン！
1:00:40,おやすみ
1:00:41,kusa
1:00:41,まるでガチ構成
1:00:44,のあちゃんジブとな
1:00:51,GLHF
1:00:52,080がないやんけ
1:00:52,のあちゃんジブファイティン！
1:00:54,ガチ構成やｗ
1:01:01,また置いてけぼり食ってる人いて草
1:01:03,GLHF
1:01:20,久しぶりののあジブ
1:01:28,がんばれー！
1:01:31,ファイト～！！
1:01:50,いつもの鉄骨
1:01:55,がんばれー！
1:02:21,ナイス
1:02:24,おお
1:02:27,金バッグ熱い
1:02:45,頑張れ～！
1:03:08,Hiiidoes anybody speak english?
1:03:12,白アーマーと一緒に白バッグも排出率下げられたのかな？ってくらい見ないね
1:03:14,モザンくん...
1:03:25,へー
1:03:25,インベントリ開閉で見づらい…目がチカチカする
1:03:35,EN speaker here
1:03:44,渋ハル式ドームファイトね
1:03:46,Oh hi
1:03:47,前回のｗ
1:03:47,ダブルSMGも強いけどね
1:03:48,あれねw
1:03:49,ㅋㅋㅋㅋㅋㅋㅋㅋㅋ
1:03:50,🤣🤣🤣
1:03:55,ぼったち同士だったねw
1:03:55,ガン待ちドームファイトw
1:03:58,出待ちｗｗ
1:04:03,仁王立ちしてたねｗ
1:04:27,対渋ハルドームファイトｗ
1:04:28,KNRの倒し方w
1:04:29,渋ハルの倒し方w
1:04:37,こんぼら〜
1:04:56,hi buddy most of us here just lurk like usual lol
1:05:06,しかもお安い
1:05:09,今日２倍クラフトなの違和感あった
1:05:25,弓こええええ
1:05:27,lol I dont understand japanese but there accent?voices are so satisfying to listen to 
1:05:27,頑張れ〜
1:05:49,ほんと弓時代だなあ
1:06:16,カミト君やってんねー
1:06:21,아니 ㅋㅋㅋㅋㅋㅋㅋㅋㅋ
1:06:22,草
1:06:23,え？ww
1:06:26,ドーム入ってないｗｗ
1:06:26,入ってないｗ
1:06:26,草
1:06:26,ドームがww
1:06:26,草
1:06:26,草
1:06:27,？！
1:06:27,草
1:06:28,ㅋㅋㅋㅋㅋㅋㅋㅋㅋㅋ
1:06:28,草
1:06:28,くさ
1:06:29,草
1:06:29,草
1:06:29,足しか入ってない
1:06:31,草
1:06:33,🤣🤣🤣👍
1:06:33,草
1:06:33,ㅋㅋㅋㅋㅋㅋㅋㅋㅋㅋ
1:06:34,笑笑(*´罒`*)
1:06:34,草
1:06:35,のあちゃん…？
1:06:35,草
1:06:36,僕が守るから！
1:06:38,草
1:06:42,ドームの意味がｗ
1:07:04,あったけえ
1:07:04,ギャグやん
1:07:09,this is scrims right?
1:07:13,仕事が早い
1:07:14,緊張の緩和
1:07:21,弓アーマー育てるのにめっちゃいいね
1:07:21,not an actual tournament?
1:07:29,でろろろーん
1:07:31,エルスター持ってるのかな笑
1:07:34,でろーんさんたちか
1:07:39,Shibuyahal Custom
1:07:40,ミラージュで確定するの受けるｗ
1:08:05,{'text': "shibuya hal's custom gameit's a weekly casual event"}
1:08:14,壁に近すぎますってなんぞ？？？
1:08:24,ohh i seethanks
1:08:41,{'text': "i'm new. sorry"}
1:08:45,ナイスゥ！
1:08:46,うっま
1:08:46,ないすう
1:08:50,今の動きえぐ！！
1:08:51,つよい！！
1:08:53,つっよ、ナイス！
1:08:57,NICE!!
1:09:04,ボラちゃんがマスティフこんなガバるの珍しい
1:09:05,マスチフのリズムを忘れちゃったのかｗ
1:09:05,つよ
1:09:07,no worries~
1:09:11,nics
1:09:15,マスティフ暴れたけど腰撃ちがうますぎた
1:09:16,ナイス
1:09:20,相変わらず凄いねえ
1:09:27,コッキングほんとドムファイを乱す
1:09:31,えるえる倒されてる～
1:09:35,こんばんは〜\u3000遅刻しちゃった
1:09:56,えるさんのブラマ…
1:10:33,あれるさんだ
1:10:34,うっま
1:10:48,やっぱつよいなあ
1:10:48,EVAのほうがよさそう
1:10:50,(；＿；)
1:10:50,つよいなー
1:10:51,最強のメイドだ
1:11:03,マジで弓が強すぎる
1:11:03,おお！
1:11:04,おお！！
1:11:06,おぉ！
1:11:09,おお
1:11:10,いいぞー！！
1:11:13,シブハル足早いじゃん
1:11:24,弓使いおるなっ！
1:11:25,のあちゃーん！
1:11:33,ナイス蘇生
1:11:34,ナイスリカバリー！
1:11:38,ナイス蘇生！
1:11:38,ナイス蘇生
1:12:05,gg
1:12:06,GG
1:12:07,惜しい！
1:12:08,いやー惜しかった
1:12:09,NF GG!
1:12:09,아까워
1:12:09,NF
1:12:10,gg
1:12:10,ドンマイ
1:12:13,gg
1:12:18,NF GG
1:12:23,ナイファイ
1:12:23,gg nf
1:12:30,ナイファイGG
1:12:40,あれうるつよすんぎ
1:12:41,おお〜
1:12:45,うま！
1:12:45,ｇｇ
1:12:53,弓まじでいかれてるなw
1:12:53,うますんぎ
1:12:57,えぇえー！つよー！って言ってそう
1:12:57,ダメージえっぐ
1:12:57,うめぇ、そして弓つんよ
1:13:01,しかも音がほぼない
1:13:14,確かにクレーバー並みに注意しないと溶ける
1:13:15,もっと弾速遅いもんだと思ってたよ
1:13:18,火力がおかしい
1:13:27,sellyが弓で無双してくれる
1:13:31,絶対ナーフされる
1:13:32,チャーラと同じで距離減衰はつくと思われ
1:13:41,皆弓持ってる
1:13:42,こんなんダメージ全部半分でもいいぐらいだと思ってるわ
1:13:43,弱体化かケアパケ行きが既定路線やな
1:13:45,PUBGのクロスボウぐらいになって欲しい
1:13:51,ローバ普通にありだよね
1:13:54,sellyが敵じゃないのが救いやね
1:13:58,今カジュアルが弓の練習場になってるからほんまつまらん…
1:14:29,ㅋㅋㅋㅋㅋㅋㅋ
1:14:31,異例の即時ダメージ調整とか起きそう
1:14:34,そこｗ
1:14:47,裏取りが捗りそう
1:14:51,着地反動消せるのずるいよね
1:14:52,まあしばらく自分もまわりも慣れるまでがんばろう
1:14:59,おおお
1:15:01,いい動きしてる
1:15:01,おぉ
1:15:05,오오오
1:15:05,ヴァルキリーおもろいなあ
1:15:07,使いこなしてる！？
1:15:08,NICE!
1:15:09,おぉ
1:15:09,これ強いな
1:15:10,なるほど
1:15:13,のせさんうまいなあ
1:15:16,のせさんが沼ってない
1:15:16,エッジだと遮蔽も多いからゆっくり飛んでも刺さりそうよね
1:15:20,うおつかさん
1:15:26,強いとこ同士当たりすぎなんよ
1:15:33,漁夫が強すぎるてー
1:15:36,지옥이다
1:15:36,まーたゲスト同士でw
1:15:37,メゾンドプレデターだ
1:15:39,乱戦やなぁ
1:15:39,潰し合いやば
1:15:43,流石にキツい
1:15:45,1000パくらいいるわ
1:15:46,大集合してるｗ
1:15:49,レイスはやっぱり強いなぁ
1:15:57,草
1:15:57,草
1:15:59,草
1:16:00,ㅋㅋㅋㅋㅋㅋㅋ
1:16:00,ㅋㅋㅋㅋㅋㅋㅋ
1:16:01,害悪野良w
1:16:02,草でござる
1:16:03,\u3000害悪ムーブｗ
1:16:09,ピコ太郎きちゃ
1:16:13,害悪野良居るなあｗｗ
1:16:40,さすがだ
1:16:55,起きた直後でも武器拾えれば全然ワンチャンある
1:17:02,最初からアーマーあるの本当にいい
1:17:07,アーマーあるのは大きい
1:17:18,へぇー
1:17:23,落ちてくる途中で飛べるのか
1:17:24,落下せずに対空か
1:17:31,グッバイのせ
1:17:33,強いなぁ
1:17:36,当てるほうもすごいねえ
1:17:38,てことはドロップシップに戻れる...？
1:17:39,ショップがある！
1:17:39,うおつかさん暴れてる
1:17:49,うおつかは草
1:18:19,やっぱレイスなのか
1:18:25,아직도 10부대 ㄷㄷ
1:18:49,矢がw
1:18:59,ショッピングきた！
1:19:03,許されたか？
1:19:21,ソーヴァいるw
1:19:28,やっぱり凄いな
1:19:31,konbowa boranuna
1:19:41,まだ１０部隊はやばいな
1:19:50,つええｗ
1:19:59,hows she playing on worlds edge casual?
1:20:00,あれるさんのレイス…
1:20:13,その場所あったけぇ
1:20:24,サプライ裏温かい
1:20:27,結構厳しい場所なのに頑張ってんなぁｗ
1:20:35,あれるさんかっこいいなぁまじで…
1:20:38,実家に引きこもるしかない
1:20:40,This is custom match
1:20:45,URUCA님!!
1:20:46,{'text': "it's custom match"}
1:20:49,音がなんかｗ
1:20:53,草
1:20:55,どこから着てるのかわからんｗ
1:20:57,あれうるは強えなやっぱ
1:20:57,キモいww
1:20:58,ひええ
1:20:58,弓アンチw
1:20:58,草
1:21:01,弓使うしかないなぁw
1:21:03,ohh okay thanks\\
1:21:05,ローバつよ
1:21:07,犯罪だろｗ
1:21:07,草
1:21:07,うるかさんコンカラの成果でてるな
1:21:09,笑笑(*´罒`*)
1:21:11,無限弾薬編きたｗ
1:21:14,撃った矢を回収！？
1:21:18,ブラマで外した矢回収出来るんか？
1:21:18,撃った矢を回収できるから永遠に撃てるｗ
1:21:28,射的だなもう
1:21:34,別ゲーで草
1:21:40,えっち！
1:21:40,ㅋㅋㅋㅋㅋㅋㅋㅋ
1:21:41,えぐいｗ
1:21:42,きもいは草
1:21:43,これはきもいｗ
1:21:43,!!!!!!
1:21:43,弓強いなぁ
1:21:44,これはキモイｗ
1:21:44,BOW OP
1:21:45,やばいーーー
1:21:45,キモイてｗｗ
1:21:46,エッチな射線
1:21:48,きもい！は草
1:21:48,これはえっちやなぁ
1:21:48,きもい草
1:21:49,{'text': "wow that's dirty lol"}
1:21:52,スケベ！！
1:21:53,語弊恐れないで言うときしょい
1:21:55,ちゃっかりしてるｗ
1:21:56,それもあるのかｗ
1:21:56,これはひどいｗ
1:21:59,ナイスもくもく
1:22:30,ちーちゃんも弓使っとる！
1:22:33,音とダメージがほんと比例してない
1:22:35,ホークアイだ
1:22:40,ずっと耐えるしローバで回収できてすごい
1:22:40,逆張りしてらんないなぁw
1:22:41,弓は間違いなくトップティアだからなｗ
1:22:44,弓多いなww
1:22:46,プレデターの弓はダメだろ笑
1:22:47,射的と化したアペ
1:22:48,世は大弓時代
1:22:54,Senkoku Apex
1:23:01,間に合った
1:23:03,よく生きた！
1:23:03,あぶな
1:23:30,ちーちゃんすごい！
1:23:33,世は戦国時代
1:23:35,ah nice fight
1:23:39,弓えぐ
1:23:41,おおお
1:23:42,なんかｗ
1:23:43,弓で決めたw
1:23:43,うおおおおおおおお
1:23:43,ㅋㅋ
1:23:44,ちょっと沼ってたｗ
1:23:44,nice~
1:23:44,草
1:23:45,Bocek!!!
1:23:45,なんだこれｗ
1:23:46,!!!!!!!
1:23:47,최종병기활 ㄷㄷ
1:23:48,おおおお
1:23:49,つばきさんw
1:23:49,GG nice fighto
1:23:50,ㅋㅋㅋㅋㅋㅋㅋㅋ
1:23:51,世界のTSUBAKI！？
1:23:51,gg
1:23:52,弓がよ…
1:23:52,つばきコーチだ！
1:23:55,ggnf
1:23:57,NF GG!!!!!
1:23:57,GG
1:23:59,弓で近距離戦闘するのじわる
1:23:59,危なかったｗ
1:24:01,지는줄ㅋㅋㅋㅋㅋㅋㅋㅋ
1:24:04,ちょっと沼った笑
1:24:05,gg!!!
1:24:11,ウォッカさんもおしい
1:24:12,近距離弓はきちぃ
1:24:18,GG
1:24:19,👏👏👏👏👏👏👏
1:24:21,GG
1:24:32,弓近距離ちょっとニヤけちゃうんだよな
1:24:38,GG
1:24:44,弓の近距離はつらそう
1:24:57,難しいなｗ
1:25:01,뭔 구성ㅋㅋㅋㅋ
1:25:14,かわいい！
1:25:19,草
1:25:20,ㅋㅋㅋㅋㅋㅋㅋㅋ
1:25:23,ㅋㅋㅋㅋㅋㅋㅋㅋㅋ
1:25:25,草
1:25:26,ジブ弓の的なりそう
1:25:27,百合の間に挟まるデブ！！！！？？？？
1:25:34,ㅋㅋㅋㅋㅋㅋㅋ
1:25:35,ジブ久々に！？
1:25:47,おお！
1:25:47,ランパート強いよ
1:25:52,なんか設定増えたらしいよヴァルキリーの飛ぶやつの
1:25:55,ヌンボラルタル再び
1:25:57,ヌンボラルタルだ
1:25:58,ヌンボラルタルきちゃ
1:25:58,まさかのヌンボラルタル
1:25:58,ジブ久々だね~
1:26:00,ヌンボラルタル久しぶりや
1:26:01,久々のジブ
1:26:03,久々のヌンボラルタル！
1:26:13,ひっさしぶりだ〜
1:26:17,久々のヌンボラルタル
1:26:21,ひさびさヌンボラルタル
1:26:22,엄청 오랜만..
1:26:25,ヌンボラルタル言うのがあるの？
1:26:26,個人的には弓＆ランパの組み合わせ好き
1:26:26,ヌンボラルタルすき
1:26:37,久々のボラルタルだな
1:26:44,約4ヶ月ぶりか〜ジブ
1:26:47,ヌンボラルタル楽しみ！
1:26:53,🤣🤣🤣
1:26:57,レイドくんに会いたいなー
1:27:02,渋ハルカスタムで飯を食う男
1:27:05,ジボラルタル
1:27:11,設定で押してる間だけ飛べるようできるが…届く頃にはマッチしてるという…
1:28:55,確かに
1:29:49,10年の仲間か、いいねぇ
1:29:49,１０年の付き合いはすごいなあ
1:29:49,仲いい人たちだ
1:29:51,ええなぁ
1:29:55,아앗
1:30:00,いいねぇ
1:30:02,ㅋㅋㅋㅋㅋㅋㅋㅋ
1:30:13,渋ハルはピカピカの一年生かぁ
1:30:14,悲しい事実ｗ
1:30:15,あっ…
1:30:15,草
1:30:16,死滅ってｗ
1:30:17,渋ハルの10年前は6歳じゃろがい。
1:30:21,渋ハルはそうよな
1:30:22,ww
1:30:22,世知辛い
1:30:24,あー
1:30:26,あっ
1:30:26,あっ
1:30:28,厳しい世界
1:30:28,死滅かぁ…
1:30:31,ひえw
1:30:42,何年何月みたいなね
1:30:45,ん？
1:30:45,わかるヴァロねぇ
1:30:46,ヴァロね
1:30:46,ヴァロってるんよなあｗ
1:30:47,出てるヴァロね
1:30:48,神ゲーだから仕方ないヴァロ
1:30:51,そうヴァロね～
1:30:55,ハルくんも出てるヴァロ
1:31:05,ヴァロ出てるんよヴァロ
1:31:33,回線弱者って言った瞬間止まった…
1:31:45,ぐるぐる
1:31:49,おかえり
1:31:49,あ１
1:31:51,回線問題は大変よなぁ
1:31:53,ヌンボラのヌン
1:31:53,ましゅるむさんたちかｗ
1:31:54,ちょいとぐるぐる
1:31:58,あー！
1:31:58,YouTube君頑張れ
1:31:59,YouTubeの問題かな
1:32:00,お戻った
1:32:01,え？音声認識？
1:32:01,YouTubeの配信今全部飛んだ
1:32:03,ましゅさんのとこ
1:32:05,回線弱者は我々だったか
1:32:12,youtube君大丈夫かな
1:32:14,やられた側だしね
1:32:20,YouTube頑張って
1:32:49,パチスロライターはレアだ
1:32:51,GODか
1:32:57,おや？にゃらかが来てないな
1:32:57,プチュンさせるのか
1:33:00,スロカス最強
1:33:49,ㅋㅋㅋㅋㅋㅋㅋㅋ
1:33:51,兄弟でFPSはすごいな
1:33:51,兄弟でfpsはすごい
1:33:58,ㅋㅋㅋㅋㅋㅋㅋ
1:34:00,ㅋㅋㅋㅋㅋㅋ
1:34:07,家にゲーミングPC3台あるのかな
1:34:14,末っ子が一番強くなりそうではある
1:34:27,それはそう
1:34:33,草
1:34:35,ゲームは若いほうが強いからな…
1:34:48,のせさん推しか
1:34:49,草
1:34:50,分かりにくいｗ
1:34:50,草
1:35:07,内容コロコロ変わってわからんw
1:35:08,渋ハルのツッコミ面白い笑
1:35:11,草
1:35:12,草
1:35:21,脊髄PR
1:35:25,がんばれー
1:35:26,GLHF
1:35:27,チャット草
1:35:27,ふぁいてぃん！
1:35:30,ロビーチャットにキリトがいたw
1:35:32,ラストファイティン！
1:35:33,がんばれー！
1:35:42,カスタムチャット草
1:35:52,ファイティン！
1:35:54,なりチャかみとっち
1:35:57,がんばれー！！
1:35:58,ファイティン！
1:36:04,ファイト〜
1:36:20,おっとｗ
1:36:24,えぇｗ
1:36:24,草
1:36:35,元メインなのにw
1:36:42,頑張れー！！！！
1:37:21,なるほど
1:37:23,ほーそんな使い方も
1:37:23,なるほど
1:37:41,PKいいね
1:37:42,ヴァルキリー飛んでる時エースコンバットだな
1:37:46,素早いマップ表示たすかった
1:37:49,プライズさんだ
1:38:00,プライズさんか
1:38:12,ハボックつえええ
1:38:12,プライズさんか
1:38:15,１ｖ１
1:38:39,おしいい
1:38:40,ああああああああ
1:38:41,おしい！
1:38:41,おしいいい
1:38:41,あっ
1:38:42,あああww
1:38:44,NF
1:38:50,120...
1:38:51,つええ
1:38:51,落とされたぁぁぁぁぁ！！！
1:38:53,ないふぁい！！
1:38:56,おしいいい！
1:38:58,おしい
1:38:59,ドンマイ
1:38:59,ナイファイ
1:39:03,GGNF
1:39:03,ピスキ拾ってなかったっけ？
1:39:04,どんまいGG
1:39:07,nf
1:39:10,ナイファイ
1:39:14,nf nf 
1:39:18,物資差は辛い
1:39:21,gg nf
1:39:22,ほぼほぼ実況席になっちゃったｗ
1:39:25,主催PT、本日良いとこ無しだなぁ
1:39:26,草
1:39:27,解説されないｗ
1:39:29,草
1:39:32,これは解説なしですわ
1:39:35,ㅋㅋㅋㅋㅋ
1:39:39,lol
1:39:42,プライズさんうまいなーナイファイ
1:39:43,草
1:40:16,ハボックのキル速すごいなぁ
1:40:34,構成変えたばっかなのに…
1:40:55,ナミの技やね
1:40:55,ナミだよね
1:41:01,またしばらくヌンボラルタルは見れなさそうだ...
1:41:01,ㅋㅋㅋㅋㅋㅋㅋㅋ
1:41:03,プライズさんレイス珍しいな
1:41:04,ナミだね
1:41:09,テンポ好きね
1:41:09,ナミの武器かな
1:41:17,草
1:42:11,拡散はあんまり
1:42:12,〜テンポはワンピースならナミの技やな
1:42:17,SG化はあんまりか
1:42:39,シャッターキャップはリピーター向き
1:42:44,敵のHPがローってわかり切ってる時に使うかなってくらいだなぁ
1:42:57,SGにできる30-30さん忘れられる
1:43:09,欲しいねぇ
1:43:10,確かに
1:43:29,現状、サブ垢で神視点入るしかないねぇ
1:44:14,レイドくんの実況とかめちゃくちゃ体力使ってそう
1:44:14,親睦会
1:44:29,楽しみ
1:44:31,リベンジ楽しみだ
1:44:31,殺りたいね、だった気がする
1:44:37,リベンジやった！
1:44:39,リベンジしよう！
1:44:42,楽しみ〜！！
1:44:45,シーズン始まってまだ慣れてないからね、リベンジ！
1:44:45,しゃあなし草
1:44:51,渋ハルてぇてぇｔfeat.のあボラ
1:44:52,チーム名決まったｗｗ
1:44:54,百合の間に挟まる男じゃん
1:45:27,心配
1:45:50,長時間翻訳しながらプレイできるのがほんと凄い
1:46:25,ボラちゃんがセリーさんの思考を読んでいく必要があるのかな
1:46:26,カスタム練習始まると大変ねぇ
1:46:28,つよい
1:46:29,すごい
1:46:32,つよそう
1:46:35,そうなんだ
1:46:36,なんで歌い手さんみんなうまいん…？
1:46:37,すげぇ
1:46:41,Souさんうらやましい
1:46:46,すごいよね
1:46:46,すご
1:46:58,知らなかったすごいな
1:46:59,豪華やねぇ
1:47:00,有名人だ
1:47:00,そうなんだ、知らんかった
1:47:04,天月さんさっき発表してたね
1:47:27,歌い手上手い人多いんね
1:47:27,96さん、天月さんのコラボ歌ってみたは伏線だったか
1:47:38,そうなのかw
1:47:46,ニコニコ時代から一線張ってる歌い手ばかりですごい
1:48:03,韓国の歌い手さん上手い人多いイメージ
1:48:19,わかる
1:48:31,CR出てる歌い手基本チャンネルメイン１００万人越えしてるのほんとすごい
1:48:41,へー
1:48:44,へぇ〜
1:48:59,ダズビーさん好き
1:49:07,黒猫さんと天月さんはコラボの歌めちゃめちゃたくさんあるよん
1:49:11,ダズビーさんめっちゃ聞いてるわ
1:49:16,ダズビーさん良いね〜
1:49:45,しえらさんめちゃいい…
1:50:08,なんならダズビーさんのカバーで井上陽水のメイクアップシャドウ知ったもんｗ
1:50:57,どんどん参加メンバーすごい事になってる
1:51:26,有名な人が当たり前のようにapexしてるのが凄い
1:51:39,韓国虹6強いよ
1:51:40,righti always got matchedup with koreans in lol
1:51:48,一時はそこまで行ったんだ
1:51:59,長続きしなかったゲーム化
1:52:19,あー、それはあるね
1:52:29,確かに
1:52:29,たしかに
1:52:32,早すぎるんだよな
1:52:34,APEXはその点配信映えがすごいんよな～
1:52:38,バトロワからFPS入った人には難しいよね
1:52:48,一定の知識ないと見てても楽しみにくいのはね
1:52:58,正直見てるけど何も分からん
1:53:10,へー
1:53:14,あれ？確か北米でも結構流行ってたような
1:53:19,なるほど
1:53:21,あったね
1:53:26,シーズン7であったねぇ
1:53:35,そうなんだ
1:53:57,あったかポジ
1:54:01,隙間
1:54:01,弓とトリテはケアパケから交換しよう
1:54:02,すっぽり入ったｗ
1:54:05,あったかポジ
1:54:10,草
1:54:17,赤ちゃんw
1:54:17,OW初期のトールビョーン4ルシオ1は忘れない
1:54:23,生え始めｗ
1:54:34,ちーちゃんも暴れておる
1:54:41,いい場所w
1:54:47,その隙間通るんだ
1:55:06,許された…？
1:55:13,金バッグだ
1:55:16,ギリッギリで生きてるｗ
1:55:20,ぎゅうぎゅうw
1:55:25,これはむりｗ
1:55:28,あーもうめちゃくちゃだよｗ
1:55:29,うわあどんまい
1:55:29,ないす生存
1:55:30,流石にかあ
1:55:30,あー・・・
1:55:31,未来が無かったー
1:55:31,粘った
1:55:34,きついなー
1:55:42,ちーちゃん活躍してんねぇ！
1:55:47,ちーさんがジブ！？
1:55:49,ちーちゃんジブだ！
1:55:49,ちーちゃんがジブなの珍しいなあ
1:55:50,さっきと構成が全然違う！
1:55:51,ちーさんさすが
1:55:53,ちーさんほんとに何でも使える
1:55:57,ちーさんは師匠のせいでジブ嫌いになってたねぇｗ
1:55:59,ちーちゃんジブにずっと文句言いながら使ってて草
1:56:00,ブラハからまた変わったんだ
1:56:01,ジブだ！
1:56:04,ジブケツやっちゃえ！
1:56:09,おや珍しい
1:56:10,無慈悲なグレ
1:56:11,ガチで勝ちたいときしか使わないやつだね
1:56:14,つばきさん？ｗ
1:56:21,嫌いのはず。嫌いだけど師匠の影響で使えるようになってたと思う
1:57:13,うるれるが強すぎる…
1:57:18,正義の雨にさばかry
1:57:28,ドーム越しにウルトとおるのえぐいよな
1:57:32,おっしぃ
1:57:33,ラストか
1:57:37,GG
1:57:38,GG
1:57:43,空飛んでるヴァルキリー死ぬときむしろタイタンフォール２のノーススター思い出す
1:57:46,GG
1:57:48,草
1:57:49,ローバ草
1:57:50,NF GG
1:57:50,エモートw
1:57:52,ㅋㅋㅋㅋㅋㅋㅋㅋ
1:57:53,草
1:57:54,次からPADだPAD
1:57:57,GG
1:57:58,emote w
1:58:00,gg
1:58:01,草
1:58:01,エモートｗ
1:58:04,草
1:58:06,スキン統一感あってかっこいい
1:58:06,ウキウキエモートだｗ
1:58:19,gg
1:58:26,はやいね
1:58:29,はやい
1:58:38,crカップの前かな
1:58:41,なるほど
1:58:44,ＣＲカップも来週か
1:58:46,18時からなのね
1:58:50,今回は別なんだ
1:58:54,お疲れ様〜
1:58:55,おつボラー！！
1:58:55,承知
1:58:59,8888888
1:59:02,2回か
1:59:16,実況疲れたねえ
1:59:21,3戦だとあっという間だね~
1:59:23,おつボラで〜す！
1:59:37,お疲れ様～
1:59:42,お疲れ様でした
2:00:07,ㅋㅋㅋㅋㅋㅋㅋ
2:00:08,お疲れ様です
2:00:09,俺の3000円；；
2:00:14,お疲れ様でした
2:00:20,ｻｰｾｰﾝww
2:00:28,おつぼら
2:00:32,おつはる～！
2:00:32,おつー
2:00:34,おつはるおつのあおつボラ
2:00:34,お疲れ様
2:00:34,おつボラ〜
2:00:41,おつボラ
2:00:42,おつボラ～
2:00:43,수고하셨어요 ㅋㅋ
2:00:46,おつボラー！！
2:00:49,Otsukare Bora :)
2:00:55,おつぼら～
2:00:55,解説おつかれ
2:01:01,やっぱ解説さんってすごいんやなぁ
2:01:06,カジュアルで息抜きも出来なかったもんね
2:01:08,빠이~
2:01:11,見てて楽しかった
2:01:12,貴重な経験できたね
2:01:15,you did great!! go get them on the revenge!!
2:01:18,練習だー
2:01:20,bye bye and thanks for the stream!! GG!!
2:01:31,練習がんばれ~
2:01:50,カスタムはまだじゃないかな
2:01:54,엑 ㄷㄷㄷ
2:01:58,；；
2:02:00,カスタム嬉しいけど長くて大変そうね
2:02:01,草
2:02:06,もう始まっちゃうねｗ
2:02:09,草
2:02:09,あいやー
2:02:10,ぬるっと連絡が来ると噂のCRカスタム
2:02:11,がんばれ〜
2:02:12,忙しい！
2:02:13,無理しないでね;;
2:02:15,毎日APEX漬けだ
2:02:17,あらあら大変
2:02:22,がんばれー
2:02:22,gambare bora
2:02:22,休めない〜
2:02:26,ｵﾔｽﾐ貰おう
2:02:27,忙しいねぇ
2:02:28,適度に休んでも大丈夫よ！がんばれー！
2:02:29,お昼ゆっくり寝るしかないのかな
2:02:29,体壊さんようにね
2:02:29,お疲れ様！！
2:02:32,無理しない程度にね；；
2:02:32,ほどほどに頑張って～
2:02:36,疲れによってはカスタム休みもありだと思うよ～
2:02:45,ほんとにきつかったら休んでね
2:02:49,Take your time Bora
2:02:52,無理しないでもろて
2:02:57,とばしすぎちゃったねぇ
2:03:01,体調第一よ〜
2:03:06,ちょっと体動かそう
2:03:07,수고했어요~
2:03:09,あー
2:03:09,温泉か整体行ってもろて
2:03:11,難しいかもしれないけど、できるだけ休んで欲しいンゴ
2:03:12,頑張ってください！
2:03:12,하루정도는 이야기하고 푹쉬시는게
2:03:12,寝すぎも良くないかもね！
2:03:14,ゆっくり休んでね！！
2:03:15,体調優先でねー
2:03:16,ゆっくり休んでね〜
2:03:18,spartan traning arc!!
2:03:20,休める時休んでください
2:03:22,無理はされないでください
2:03:24,crカップ楽しみー
2:03:24,ベストコンディションで望んでほしい
2:03:27,無理せずねー
2:03:29,長時間の反動が激しいな
2:03:31,無理しない程度にねー！
2:03:33,おつボラ
2:03:44,おつボラです〜
2:03:45,ツイッチもあるでよ
2:03:48,お疲れ様〜
2:03:48,おつボラー！！
